type,accuracy
live/dead,0.9732142857142857
species,0.6666666666666666
host/non-host,0.7435897435897436
